{
  "openapi" : "3.0.0",
  "info" : {
    "title" : "Workr API",
    "description" : "Workr API",
    "license" : {
      "name" : "Apache 2.0",
      "url" : "http://www.apache.org/licenses/LICENSE-2.0.html"
    },
    "version" : "2.1.0-oas3"
  },
  "servers" : [ {
    "url" : "https://virtserver.swaggerhub.com/workr/workrAPI/1.0.0"
  } ],
  "security" : [ {
    "bearerAuth" : [ ]
  } ],
  "tags" : [ {
    "name" : "General",
    "description" : "Available for all"
  }, {
    "name" : "Employer",
    "description" : "Only available for employers"
  }, {
    "name" : "Employee",
    "description" : "Only available for employees"
  }, {
    "name" : "Admin",
    "description" : "Only available for Admins"
  } ],
  "paths" : {
    "/appVersion" : {
      "post" : {
        "tags" : [ "General" ],
        "summary" : "check for new versions",
        "description" : "When starting the application you can force the user to update their app or chek if the app is modified\n",
        "operationId" : "appVersion",
        "parameters" : [ {
          "name" : "appVersion",
          "in" : "query",
          "description" : "input the installed version",
          "required" : true,
          "style" : "form",
          "explode" : true,
          "schema" : {
            "type" : "string"
          }
        }, {
          "name" : "androidLevel",
          "in" : "query",
          "description" : "input the current android level of the users phone",
          "required" : true,
          "style" : "form",
          "explode" : true,
          "schema" : {
            "minimum" : 7,
            "type" : "string"
          }
        }, {
          "name" : "appKey",
          "in" : "query",
          "description" : "the hashed version of the app",
          "required" : true,
          "style" : "form",
          "explode" : true,
          "schema" : {
            "type" : "string"
          }
        } ],
        "responses" : {
          "200" : {
            "description" : "OK"
          },
          "301" : {
            "description" : "NOT OK"
          },
          "308" : {
            "description" : "Current installed version is not valid"
          },
          "400" : {
            "description" : "bad request"
          },
          "500" : {
            "description" : "Internal Server Error"
          }
        }
      }
    },
    "/appUrls" : {
      "get" : {
        "tags" : [ "General" ],
        "summary" : "check for new urls",
        "operationId" : "appUrls",
        "parameters" : [ {
          "name" : "hash",
          "in" : "query",
          "description" : "a hash that acts as an url version check",
          "required" : true,
          "style" : "form",
          "explode" : true,
          "schema" : {
            "type" : "string"
          }
        } ],
        "responses" : {
          "200" : {
            "description" : "OK",
            "content" : {
              "application/json" : {
                "schema" : {
                  "$ref" : "#/components/schemas/appurls"
                }
              }
            }
          },
          "301" : {
            "description" : "NOT OK"
          },
          "308" : {
            "description" : "Current installed version is not valid"
          },
          "400" : {
            "description" : "bad request"
          },
          "500" : {
            "description" : "Internal Server Error"
          }
        }
      }
    },
    "/register" : {
      "post" : {
        "tags" : [ "General" ],
        "summary" : "Registers a new user as employee",
        "description" : "adds an user to a company",
        "operationId" : "addEmployee",
        "requestBody" : {
          "description" : "Returns the employee",
          "content" : {
            "application/json" : {
              "schema" : {
                "$ref" : "#/components/schemas/body"
              }
            }
          }
        },
        "responses" : {
          "201" : {
            "description" : "Created",
            "content" : {
              "application/json" : {
                "schema" : {
                  "type" : "array",
                  "items" : {
                    "$ref" : "#/components/schemas/User"
                  }
                }
              }
            }
          },
          "400" : {
            "description" : "Bad Request"
          },
          "409" : {
            "description" : "You already have an account"
          },
          "500" : {
            "description" : "Unknown error occured"
          }
        }
      }
    },
    "/login" : {
      "post" : {
        "tags" : [ "General" ],
        "summary" : "logs the user in",
        "description" : "Returns a authorization token",
        "operationId" : "login",
        "requestBody" : {
          "content" : {
            "application/json" : {
              "schema" : {
                "$ref" : "#/components/schemas/body_1"
              }
            }
          }
        },
        "responses" : {
          "200" : {
            "description" : "OK"
          },
          "401" : {
            "description" : "Invalid username and/or password"
          }
        }
      }
    },
    "/shift" : {
      "get" : {
        "tags" : [ "General" ],
        "summary" : "Loads the overview",
        "description" : "returns a list of all shifts",
        "operationId" : "shift",
        "responses" : {
          "200" : {
            "description" : "OK",
            "content" : {
              "application/json" : {
                "schema" : {
                  "type" : "array",
                  "items" : {
                    "$ref" : "#/components/schemas/Shift"
                  }
                }
              }
            }
          },
          "403" : {
            "description" : "You are not logged in."
          },
          "404" : {
            "description" : "User not found"
          },
          "500" : {
            "description" : "Something went wrong"
          }
        },
        "security" : [ {
          "bearerAuth" : [ ]
        } ]
      },
      "post" : {
        "tags" : [ "Employer" ],
        "summary" : "Create a shift",
        "description" : "The employer can create a shift for a employee",
        "operationId" : "createShift",
        "requestBody" : {
          "content" : {
            "application/json" : {
              "schema" : {
                "$ref" : "#/components/schemas/body_2"
              }
            }
          }
        },
        "responses" : {
          "200" : {
            "description" : "OK",
            "content" : {
              "*/*" : {
                "schema" : {
                  "type" : "array",
                  "items" : {
                    "$ref" : "#/components/schemas/Shift"
                  }
                }
              }
            }
          },
          "403" : {
            "description" : "You are not logged in."
          },
          "404" : {
            "description" : "User not found"
          },
          "500" : {
            "description" : "Something went wrong"
          }
        },
        "security" : [ {
          "bearerAuth" : [ ]
        } ]
      }
    },
    "/shift/open" : {
      "get" : {
        "tags" : [ "General" ],
        "summary" : "show open shifts",
        "description" : "returns a list of open shifts",
        "operationId" : "openShifts",
        "responses" : {
          "200" : {
            "description" : "OK",
            "content" : {
              "application/json" : {
                "schema" : {
                  "type" : "array",
                  "items" : {
                    "$ref" : "#/components/schemas/Shift"
                  }
                }
              }
            }
          },
          "403" : {
            "description" : "You are not logged in."
          },
          "404" : {
            "description" : "User not found"
          },
          "500" : {
            "description" : "Something went wrong"
          }
        },
        "security" : [ {
          "bearerAuth" : [ ]
        } ]
      }
    },
    "/shift/askfree" : {
      "put" : {
        "tags" : [ "General" ],
        "summary" : "sets the shift on available",
        "description" : "When asking free, the shift will be put on available till someone takes it over",
        "operationId" : "askFree",
        "requestBody" : {
          "description" : "Returns the shift that has been set to free",
          "content" : {
            "application/json" : {
              "schema" : {
                "$ref" : "#/components/schemas/body_3"
              }
            }
          }
        },
        "responses" : {
          "200" : {
            "description" : "OK",
            "content" : {
              "application/json" : {
                "schema" : {
                  "type" : "array",
                  "items" : {
                    "$ref" : "#/components/schemas/Shift"
                  }
                }
              }
            }
          },
          "403" : {
            "description" : "You are not logged in."
          },
          "404" : {
            "description" : "User not found"
          },
          "500" : {
            "description" : "Something went wrong"
          }
        },
        "security" : [ {
          "bearerAuth" : [ ]
        } ]
      }
    },
    "/shift/cancelrequest" : {
      "put" : {
        "tags" : [ "General" ],
        "summary" : "cancels the shift request",
        "description" : "It will cancel the request that was put open",
        "operationId" : "cancelRequest",
        "requestBody" : {
          "description" : "Returns the cancelled request",
          "content" : {
            "application/json" : {
              "schema" : {
                "$ref" : "#/components/schemas/body_4"
              }
            }
          }
        },
        "responses" : {
          "200" : {
            "description" : "OK",
            "content" : {
              "*/*" : {
                "schema" : {
                  "type" : "array",
                  "items" : {
                    "$ref" : "#/components/schemas/Shift"
                  }
                }
              }
            }
          },
          "403" : {
            "description" : "You are not logged in."
          },
          "404" : {
            "description" : "User not found"
          },
          "500" : {
            "description" : "Something went wrong"
          }
        },
        "security" : [ {
          "bearerAuth" : [ ]
        } ]
      }
    },
    "/shift/fill" : {
      "put" : {
        "tags" : [ "General" ],
        "summary" : "takes a shift over",
        "description" : "when a shift is open, the user can take it over",
        "operationId" : "fillShift",
        "requestBody" : {
          "description" : "returns the filled shift",
          "content" : {
            "application/json" : {
              "schema" : {
                "$ref" : "#/components/schemas/body_5"
              }
            }
          }
        },
        "responses" : {
          "200" : {
            "description" : "OK",
            "content" : {
              "*/*" : {
                "schema" : {
                  "type" : "array",
                  "items" : {
                    "$ref" : "#/components/schemas/Shift"
                  }
                }
              }
            }
          },
          "403" : {
            "description" : "You are not logged in."
          },
          "404" : {
            "description" : "User not found"
          },
          "500" : {
            "description" : "Something went wrong"
          }
        },
        "security" : [ {
          "bearerAuth" : [ ]
        } ]
      }
    },
    "/user/password" : {
      "put" : {
        "tags" : [ "General" ],
        "summary" : "Change password",
        "description" : "The user can change his password",
        "operationId" : "changePassword",
        "requestBody" : {
          "description" : "Returns the edited profile",
          "content" : {
            "application/json" : {
              "schema" : {
                "$ref" : "#/components/schemas/body_6"
              }
            }
          }
        },
        "responses" : {
          "200" : {
            "description" : "OK",
            "content" : {
              "*/*" : {
                "schema" : {
                  "type" : "array",
                  "items" : {
                    "$ref" : "#/components/schemas/User"
                  }
                }
              }
            }
          },
          "403" : {
            "description" : "You are not logged in."
          },
          "404" : {
            "description" : "User not found"
          },
          "500" : {
            "description" : "Something went wrong"
          }
        },
        "security" : [ {
          "bearerAuth" : [ ]
        } ]
      }
    },
    "/user/email" : {
      "put" : {
        "tags" : [ "General" ],
        "summary" : "Updated email",
        "description" : "changes the email of the user",
        "operationId" : "changeEmail",
        "requestBody" : {
          "description" : "Returns the edited profile",
          "content" : {
            "application/json" : {
              "schema" : {
                "$ref" : "#/components/schemas/body_7"
              }
            }
          }
        },
        "responses" : {
          "200" : {
            "description" : "OK",
            "content" : {
              "*/*" : {
                "schema" : {
                  "type" : "array",
                  "items" : {
                    "$ref" : "#/components/schemas/User"
                  }
                }
              }
            }
          },
          "403" : {
            "description" : "You are not logged in."
          },
          "404" : {
            "description" : "User not found"
          },
          "500" : {
            "description" : "Something went wrong"
          }
        },
        "security" : [ {
          "bearerAuth" : [ ]
        } ]
      }
    },
    "/profile" : {
      "get" : {
        "tags" : [ "General" ],
        "summary" : "Shows the user his profile",
        "description" : "Shows the user his profile",
        "operationId" : "profile",
        "responses" : {
          "200" : {
            "description" : "OK",
            "content" : {
              "*/*" : {
                "schema" : {
                  "type" : "array",
                  "items" : {
                    "$ref" : "#/components/schemas/User"
                  }
                }
              }
            }
          },
          "403" : {
            "description" : "You are not logged in."
          },
          "404" : {
            "description" : "User not found"
          },
          "500" : {
            "description" : "Something went wrong"
          }
        },
        "security" : [ {
          "bearerAuth" : [ ]
        } ]
      }
    },
    "/profile/{profileid}" : {
      "get" : {
        "tags" : [ "General" ],
        "summary" : "Shows the user the other profile",
        "description" : "Shows the user the other profile",
        "operationId" : "profileUser",
        "parameters" : [ {
          "name" : "profileid",
          "in" : "path",
          "description" : "the profileid that you are requesting",
          "required" : true,
          "style" : "simple",
          "explode" : false,
          "schema" : {
            "type" : "integer"
          }
        } ],
        "responses" : {
          "200" : {
            "description" : "OK",
            "content" : {
              "*/*" : {
                "schema" : {
                  "type" : "array",
                  "items" : {
                    "$ref" : "#/components/schemas/User"
                  }
                }
              }
            }
          },
          "403" : {
            "description" : "You are not logged in."
          },
          "404" : {
            "description" : "User not found"
          },
          "500" : {
            "description" : "Something went wrong"
          }
        },
        "security" : [ {
          "bearerAuth" : [ ]
        } ]
      }
    },
    "/user/accept" : {
      "post" : {
        "tags" : [ "Employer" ],
        "summary" : "accept user",
        "description" : "when the user gets in a queue the employer can accept or refuse him",
        "operationId" : "acceptOrRefuse",
        "requestBody" : {
          "content" : {
            "application/json" : {
              "schema" : {
                "$ref" : "#/components/schemas/body_8"
              }
            }
          }
        },
        "responses" : {
          "200" : {
            "description" : "OK"
          },
          "403" : {
            "description" : "You are not logged in."
          },
          "404" : {
            "description" : "User not found"
          },
          "500" : {
            "description" : "Something went wrong"
          }
        },
        "security" : [ {
          "bearerAuth" : [ ]
        } ]
      }
    }
  },
  "components" : {
    "schemas" : {
      "User" : {
        "required" : [ "email", "name", "phone", "picture", "userId", "username" ],
        "type" : "object",
        "properties" : {
          "userId" : {
            "type" : "integer",
            "example" : 12
          },
          "name" : {
            "type" : "string",
            "example" : "John Doe"
          },
          "username" : {
            "type" : "string",
            "example" : "JohnDoe"
          },
          "email" : {
            "type" : "string",
            "example" : "johndoe@gmail.com"
          },
          "picture" : {
            "type" : "string",
            "example" : "base64 string"
          },
          "phone" : {
            "type" : "string",
            "example" : "0612345678"
          }
        }
      },
      "Shift" : {
        "required" : [ "User", "date", "end", "open", "shiftId", "start" ],
        "type" : "object",
        "properties" : {
          "User" : {
            "$ref" : "#/components/schemas/User"
          },
          "date" : {
            "type" : "string",
            "format" : "date-time",
            "example" : "2019-11-11T00:00:00Z"
          },
          "start" : {
            "type" : "string",
            "format" : "time",
            "example" : "08:00 a.m."
          },
          "end" : {
            "type" : "string",
            "format" : "time",
            "example" : "11:00 a.m."
          },
          "shiftId" : {
            "type" : "integer",
            "example" : 13
          },
          "open" : {
            "type" : "boolean",
            "example" : true
          }
        }
      },
      "appurls" : {
        "required" : [ "name", "url" ],
        "type" : "array",
        "items" : {
          "properties" : {
            "name" : {
              "type" : "string",
              "example" : "profile"
            },
            "start" : {
              "type" : "string",
              "example" : "/user/profile"
            }
          }
        }
      },
      "body" : {
        "required" : [ "companycode", "email", "name", "password", "username" ],
        "properties" : {
          "username" : {
            "type" : "string"
          },
          "password" : {
            "type" : "string"
          },
          "email" : {
            "type" : "string"
          },
          "name" : {
            "type" : "string"
          },
          "companycode" : {
            "type" : "string"
          }
        }
      },
      "body_1" : {
        "required" : [ "password", "username" ],
        "properties" : {
          "username" : {
            "type" : "string"
          },
          "password" : {
            "type" : "string"
          }
        }
      },
      "body_2" : {
        "required" : [ "companycode", "date", "end", "isOpen", "start", "username" ],
        "properties" : {
          "username" : {
            "type" : "string"
          },
          "isOpen" : {
            "type" : "boolean"
          },
          "date" : {
            "type" : "string"
          },
          "start" : {
            "type" : "string"
          },
          "end" : {
            "type" : "string"
          },
          "companycode" : {
            "type" : "string"
          }
        }
      },
      "body_3" : {
        "required" : [ "shiftid" ],
        "properties" : {
          "shiftid" : {
            "type" : "integer"
          }
        }
      },
      "body_4" : {
        "required" : [ "shiftid" ],
        "properties" : {
          "shiftid" : {
            "type" : "integer"
          }
        }
      },
      "body_5" : {
        "required" : [ "shiftid" ],
        "properties" : {
          "shiftid" : {
            "type" : "integer"
          }
        }
      },
      "body_6" : {
        "required" : [ "password" ],
        "properties" : {
          "newpassword" : {
            "type" : "string"
          }
        }
      },
      "body_7" : {
        "required" : [ "email" ],
        "properties" : {
          "email" : {
            "type" : "string"
          }
        }
      },
      "body_8" : {
        "required" : [ "accept", "userid" ],
        "properties" : {
          "accept" : {
            "type" : "boolean"
          },
          "userid" : {
            "type" : "integer"
          }
        }
      }
    },
    "responses" : {
      "usernotfound" : {
        "description" : "User not found"
      },
      "forbidden" : {
        "description" : "You are not logged in."
      }
    },
    "securitySchemes" : {
      "bearerAuth" : {
        "type" : "http",
        "scheme" : "bearer",
        "bearerFormat" : "JWT"
      }
    }
  }
}